car73,-33.25,-11.768589611257227,3,1.066431710565803,-1.5707963267948966,car57,-29.75,-12.089367147496901,3,1.0664327968725602,-1.5707963267948966
car73,-33.25,-11.846350870434968,3,1.133097604171365,-1.5707963267948966,car57,-29.75,-12.16712847909433,3,1.1330986904776883,-1.5707963267948966
car73,-33.25,-11.928527147565994,3,1.1997414684341186,-1.5707963267948966,car57,-29.75,-12.2493048286211,3,1.1997425547399216,-1.5707963267948966
car73,-33.25,-12.015164430761878,3,1.2663992979327436,-1.5707963267948966,car57,-29.75,-12.335942184227896,3,1.2664003842379292,-1.5707963267948966
car73,-33.25,-12.106192200248941,3,1.3330210865692766,-1.5707963267948966,car57,-29.75,-12.426970026086707,3,1.3330221728737364,-1.5707963267948966
car73,-33.25,-12.201722825386192,3,1.3996848267420878,-1.5707963267948966,car57,-29.75,-12.522500723641272,3,1.3996859130457004,-1.5707963267948966
car73,-33.249603779713304,-12.291507106103271,3,1.4663485109000598,-1.562002326093393,car57,-29.75,-12.612670908505342,3,1.4663495972026916,-1.5707963267948966
car73,-33.24835079837729,-12.385590536111923,3,1.5330201299910005,-1.5529909862991371,car57,-29.75,-12.707269683112582,3,1.5330212162925048,-1.5707963267948966
car73,-33.24614498618661,-12.483940075483,3,1.5996556759092924,-1.543789840565646,car57,-29.75,-12.806276320221754,3,1.5996567622095086,-1.5707963267948966
car73,-33.242886116785826,-12.586662086448856,3,1.6663031370533603,-1.5344137568646923,car57,-29.75,-12.90981048914291,3,1.666304223352113,-1.5707963267948966
car73,-33.23847346980712,-12.693787563637885,3,1.7329585026238519,-1.5248853088254717,car57,-29.75,-13.017916195377103,3,1.7329595889209501,-1.5707963267948966
car73,-33.23280792067378,-12.805304384320552,3,1.7995937604991603,-1.5152310636457844,car57,-29.75,-13.130593867767583,3,1.799594846794398,-1.5707963267948966
car73,-33.22578222358935,-12.92134361941609,3,1.8662628973231838,-1.5054655121549088,car57,-29.75,-13.247988633163404,3,1.8662639836163373,-1.5707963267948966
car73,-33.2172983439443,-13.041860725252574,3,1.9329198990250789,-1.4956183873211875,car57,-29.75,-13.370068031882905,3,1.932920985315908,-1.5707963267948966
car73,-33.20725619559799,-13.166873560336521,3,1.99955675093671,-1.4857138544046449,car57,-29.75,-13.496862395190554,3,1.9995578372249574,-1.5707963267948966
car73,-33.195548554429216,-13.296487364756196,3,2.066209435446922,-1.4757693061391897,car57,-29.75,-13.628490570991344,3,2.0662105217323106,-1.5707963267948966
car73,-33.18207501112871,-13.430724172951798,3,2.1328699354754677,-1.4658088303513155,car57,-29.75,-13.764986861656626,3,2.132871021757702,-1.5707963267948966
car73,-33.16674174945692,-13.569564125780252,3,2.1995122326830336,-1.4558591796961864,car57,-29.75,-13.906342514802391,3,2.1995133189617992,-1.5707963267948966
car73,-33.14945073131365,-13.713051487555681,3,2.2661423071592317,-1.4459419741992485,car57,-29.75,-14.052613536580958,3,2.266143393434194,-1.5707963267948966
car73,-33.130094715232936,-13.861310386111104,3,2.332800136824404,-1.436073429405038,car57,-29.75,-14.203937117044687,3,2.3328012230952053,-1.5707963267948966
car73,-33.108589523192464,-14.014298313779918,3,2.399451699813625,-1.4262807900588608,car57,-29.75,-14.360280009721098,3,2.399452786079887,-1.5707963267948966
car73,-33.08484395533026,-14.172055682580995,3,2.4661009721920872,-1.4165851390334632,car57,-29.75,-14.521692916596644,3,2.46610205845341,-1.5707963267948966
car73,-33.05877144881953,-14.334612660522133,3,2.5327479287306605,-1.4070077914295134,car57,-29.75,-14.688215448326112,3,2.5327490149866208,-1.5707963267948966
car73,-33.030293999579406,-14.501971891694911,3,2.599382543680484,-1.3975710934398535,car57,-29.75,-14.859858264718289,3,2.5993836299306365,-1.5707963267948966
car73,-32.99931584514852,-14.674260375657822,3,2.666042786324763,-1.388290071888612,car57,-29.75,-15.03675888224941,3,2.666043872568635,-1.5707963267948966
car73,-32.96579163063159,-14.851349703192387,3,2.732670630211401,-1.3791930237488417,car57,-29.75,-15.218791740491817,3,2.7326717164484995,-1.5707963267948966
car73,-32.909857146436785,-15.129562327509834,3,2.832661746058026,-1.3657701414182333,car57,-29.75,-15.505159460042247,3,2.8326628322841785,-1.5707963267948966
car73,-32.86960188863638,-15.319036168339096,3,2.899308448068418,-1.357211233983575,car57,-29.75,-15.700440571585682,3,2.899309534286444,-1.5707963267948966
car73,-32.82657511991597,-15.513471108138223,3,2.9659546336061773,-1.3488985456263771,car57,-29.75,-15.901032678646033,3,2.96595571981549,-1.5707963267948966
car73,-32.78072394485877,-15.712919844053648,3,3.032612264748901,-1.340848780266476,car57,-29.75,-16.106991599229172,3,3.0326133509488837,-1.5707963267948966
car73,-32.73203978656902,-15.91727737249397,3,3.0992433062713416,-1.3330843488949329,car57,-29.75,-16.318208936974276,3,3.0992443924613555,-1.5707963267948966
car73,-32.68047574280885,-16.126638378179923,3,3.165875716056283,-1.3256192686726986,car57,-29.75,-16.534781165711294,3,3.165876802235656,-1.5707963267948966
car73,-32.626018323591005,-16.340989827599465,3,3.2325034517128888,-1.3184714723272237,car57,-29.75,-16.756692042973526,3,3.2325045378809207,-1.5707963267948966
car73,-32.56862351307215,-16.560469604800307,3,3.2991664648215386,-1.3116539155326103,car57,-29.75,-16.98408013696225,3,3.299167550977492,-1.5707963267948966
car73,-32.50832623683109,-16.784946289816915,3,3.3658247138899977,-1.305188017913103,car57,-29.75,-17.21680346896462,3,3.36582580003311,-1.5707963267948966
car73,-32.445163770267705,-17.014329225822507,3,3.432454154915368,-1.2990928610094723,car57,-29.75,-17.454760273486684,3,3.4324552410448512,-1.5707963267948966
car73,-32.37911712792802,-17.24876986560017,3,3.499100731751946,-1.2933811122988632,car57,-29.75,-17.698098150644423,3,3.4991018178669706,-1.5707963267948966
car73,-32.3102362470519,-17.48820732251604,3,3.565750394507603,-1.28807140540927,car57,-29.75,-17.946742578924137,3,3.5657514806073096,-1.5707963267948966
car73,-32.23859998365982,-17.732526636229164,3,3.6323770943028366,-1.2831831734729002,car57,-29.75,-18.20056074213031,3,3.632378180386339,-1.5707963267948966
car73,-32.16424284033836,-17.981807844069046,3,3.699008771053387,-1.2787320630086731,car57,-29.75,-18.45962026728655,3,3.6990098571197585,-1.5707963267948966
car73,-32.08723318560804,-18.23605579331212,3,3.7656533634695855,-1.2747361647275945,car57,-29.75,-18.723908540482547,3,3.765654449517862,-1.5707963267948966
car73,-32.00772989218769,-18.495024853547285,3,3.8322568257188334,-1.2712175930907352,car57,-29.75,-18.993150217270443,3,3.832257911748031,-1.5707963267948966
car73,-31.925702593402647,-18.75913066660853,3,3.898933066920904,-1.2681905501314343,car57,-29.75,-19.26775504311199,3,3.8989341529299706,-1.5707963267948966
car73,-31.841447325213277,-19.02778211062978,3,3.965546056770199,-1.2656823845894807,car57,-29.75,-19.547083488407093,3,3.9655471427580857,-1.5707963267948966
car73,-31.754980955693746,-19.30133554644939,3,4.032195702498685,-1.2637111156739305,car57,-29.75,-19.83147851359872,3,4.032196788464275,-1.5707963267948966
car73,-31.66655778483402,-19.579442324974508,3,4.09881195514272,-1.2623024135527827,car57,-29.75,-20.120547354086803,3,4.098813041084883,-1.5707963267948966
car73,-31.576320205402634,-19.862162010238478,3,4.165424735310207,-1.2614802754575654,car57,-29.75,-20.414318813240182,3,4.165425821227763,-1.5707963267948966
car73,-31.484429956377085,-20.149546674391704,3,4.232061959376992,-1.2612715924773035,car57,-29.75,-20.712810780225325,3,4.232063045268712,-1.5707963267948966
car73,-31.391147314650844,-20.441397759214205,3,4.298695560334588,-1.261705801274648,car57,-29.75,-21.015777647831577,3,4.298696646199213,-1.5707963267948966
car73,-31.29673030428641,-20.737583415012875,3,4.365315464437727,-1.2628139972536019,car57,-29.75,-21.32304003563097,3,4.365316550273963,-1.5707963267948966
car85,-25.044830759744194,-22.75,3,0.5999473491564221,3.141592653589793,car357,-25.40075307730769,-26.25,3,1.3332389766507948,3.141592653589793
car85,-25.091424597681808,-22.75,3,0.6665273383751875,3.141592653589793,car357,-25.49616944683312,-26.25,3,1.3998187168073626,3.141592653589793
car85,-25.1425154428143,-22.75,3,0.7331813220998142,3.141592653589793,car357,-25.5961370655125,-26.25,3,1.4664724008157088,3.141592653589793
car85,-25.19806023984234,-22.75,3,0.7998472983739184,3.141592653589793,car357,-25.700567409950622,-26.25,3,1.5331380202322558,3.141592653589793
car85,-25.25803339259722,-22.75,3,0.8664972646313178,3.141592653589793,car357,-25.80941434718701,-26.25,3,1.5997875655562162,3.141592653589793
car85,-25.32242530353554,-22.75,3,0.933125218494272,3.141592653589793,car357,-25.92266387525286,-26.25,3,1.6664150269976767,3.141592653589793
car85,-25.39129955651042,-22.75,3,0.9997911561520745,3.141592653589793,car357,-26.040423569416127,-26.25,3,1.7330803923786937,3.141592653589793
car85,-25.464586965170277,-22.75,3,1.0664310738082108,3.141592653589793,car357,-26.16257730670079,-26.25,3,1.7997196500311428,3.141592653589793
car85,-25.54237097827513,-22.75,3,1.1331149675223455,3.141592653589793,car357,-26.28925985962448,-26.25,3,1.866402786538859,3.141592653589793
car85,-25.6245377482108,-22.75,3,1.1997508317321515,3.141592653589793,car357,-26.420289910317592,-26.25,3,1.9330377881034668,3.141592653589793
car85,-25.71117005662896,-22.75,3,1.2664046612052275,3.141592653589793,car357,-26.542042260776316,-26.249253787270636,3,1.9996906391152836,3.129395785487847
car85,-25.802230441657017,-22.75,3,1.3330484494701755,3.141592653589793,car357,-26.668301080182548,-26.246935025426552,3,2.066333323394399,3.117127533708185
car85,-25.897778221575997,-22.75,3,1.3997221896588083,3.141592653589793,car357,-26.799188232541415,-26.242920944768066,3,2.133005822884447,3.1048079960515165
car85,-25.987922899923646,-22.75,3,1.4663718737427933,3.141592653589793,car357,-26.934636399362677,-26.237094922414865,3,2.199654119550406,3.0924750993778947
car85,-26.08245415426648,-22.75,3,1.533013493217949,3.141592653589793,car357,-27.074716615287535,-26.229338426456653,3,2.2662941933168783,3.0801532632041106
car85,-26.181438059643195,-22.75,3,1.5996610391536585,3.141592653589793,car357,-27.219499237911265,-26.219533151552074,3,2.3329400231652118,3.0678670109607773
car85,-26.284945208335337,-22.75,3,1.666328499815452,3.141592653589793,car357,-27.369057846530833,-26.20756113863734,3,2.3996055846988167,3.0556405528888866
car85,-26.39291337020172,-22.75,3,1.7329498658777045,3.141592653589793,car357,-27.52327615497736,-26.19332400681061,3,2.4662248578427075,3.0435126351482595
car85,-26.50553749636763,-22.75,3,1.7996131236692496,3.141592653589793,car357,-27.682400412406988,-26.17669386803276,3,2.5328858132368857,3.031492642925324
car85,-26.622736678718507,-22.75,3,1.8662442606588283,3.141592653589793,car357,-27.846286747287675,-26.157584025897915,3,2.5995144272430015,3.019619522027433
car85,-26.744675202427384,-22.75,3,1.9329072623564305,3.141592653589793,car357,-28.015131410694828,-26.135874658509902,3,2.6661746691246737,3.0079061715514217
car85,-26.87133166037253,-22.75,3,1.999564113640068,3.141592653589793,car357,-28.188871878471296,-26.11148057975369,3,2.732828510764913,2.996383434245727
car85,-27.00478694500837,-22.75,3,2.0671967788013728,3.141592653589793,car357,-28.370270646364144,-26.08388001352615,3,2.800457853491934,2.984905619816801
car85,-27.140964674280433,-22.75,3,2.1337832775312418,3.141592653589793,car357,-28.553798975743852,-26.05383584906072,3,2.86704079718725,2.9738462350891988
car85,-27.281891869009854,-22.75,3,2.2003195746574393,3.141592653589793,car357,-28.742169745697577,-26.02088147529906,3,2.933573246852907,2.963051566396408
car85,-27.427703699860917,-22.75,3,2.2668496498345307,3.141592653589793,car357,-28.935528671040547,-25.984926848168058,3,3.000099164069569,2.952534796796622
car85,-27.5785520382193,-22.75,3,2.3334194794529837,3.141592653589793,car357,-29.134038312080303,-25.94588014124865,3,3.0666645057962487,2.9423088394725707
car85,-27.73442065794166,-22.75,3,2.4000010423478506,3.141592653589793,car357,-29.33763860825157,-25.90369845630153,3,3.1332412354347663,2.9323979092971566
car85,-27.89531877077943,-22.75,3,2.4665803150274535,3.141592653589793,car357,-29.546303282937433,-25.85834283764357,3,3.1998153130932216,2.9228230412772027
car85,-28.061322352371747,-22.75,3,2.533171271797452,3.141592653589793,car357,-29.760091317066852,-25.809764891058137,3,3.2664006942095134,2.9136005248141505
car85,-28.23243496321408,-22.75,3,2.5997598869371417,3.141592653589793,car357,-29.97896760142641,-25.75794638914331,3,3.3329833359483088,2.9047501832754277
car85,-28.408758256815414,-22.75,3,2.666370129838247,3.141592653589793,car357,-30.203020780675914,-25.702849574328013,3,3.3995871868475325,2.8962862872803363
car85,-28.590251908344957,-22.75,3,2.732973973463953,3.141592653589793,car357,-30.43215867197162,-25.64449100179593,3,3.4661842032931176,2.8882296277552473
car85,-28.777015448686306,-22.75,3,2.7995953848653854,3.141592653589793,car357,-30.666464594878143,-25.582854554844907,3,3.5327983303797126,2.880594157834703
car85,-28.968997771171907,-22.75,3,2.866206332410636,3.141592653589793,car357,-30.90583255170506,-25.517985001786297,3,3.5994015194723534,2.8733999030674897
car85,-29.166301413608053,-22.75,3,2.932832780953366,3.141592653589793,car357,-31.150347100068753,-25.449888592439162,3,3.666019712110149,2.866660753219621
car85,-29.368794614002837,-22.75,3,2.9994246978523735,3.141592653589793,car357,-31.399803210785034,-25.378665321955935,3,3.7326028611268867,2.8603984773212234
car85,-29.57663578498442,-22.75,3,3.066028042056606,3.141592653589793,car357,-31.654352376702906,-25.304328318934807,3,3.7991968986994915,2.8546255205787934
car85,-29.789980910722807,-22.75,3,3.1326847686787795,3.141592653589793,car357,-31.91413860083299,-25.226902674809,3,3.8658437518517483,2.8493564664772357
car85,-30.008642912947625,-22.75,3,3.1993328432629173,3.141592653589793,car357,-32.178888834935876,-25.146552451201764,3,3.932481372428923,2.844614982013713
car85,-30.23264613355726,-22.75,3,3.265978222272314,3.141592653589793,car357,-32.448587674718624,-25.063382260551954,3,3.9991156936394665,2.840419430919108
car85,-30.461806176099444,-22.75,3,3.3325688673235216,3.141592653589793,car357,-32.72297029013175,-24.97759083961202,3,4.065694663378182,2.8367922876965364
car85,-30.81932913676068,-22.75,3,3.432549639927866,3.141592653589793,car357,-33.14739878014708,-24.842986297661664,3,4.165656931398159,2.8324244338320708
car85,-31.06197543629826,-22.75,3,3.499178218906841,3.141592653589793,car357,-33.43398833465456,-24.751095174131084,3,4.232272158416563,2.8303116445874372
car85,-31.30997323905704,-22.75,3,3.5658178823443856,3.141592653589793,car357,-33.72533057754946,-24.657104317655413,3,4.298897757236931,2.8288442887723715
car85,-31.563300550628632,-22.75,3,3.632468576525096,3.141592653589793,car357,-34.02135156527246,-24.56123381243265,3,4.36553364896351,2.828049710904201
car85,-31.82169752853635,-22.75,3,3.6990722571722885,3.141592653589793,car357,-34.32170206116563,-24.46381343956049,3,4.432121777230807,2.8279573568275715
car85,-32.08535089140566,-22.75,3,3.765686856167832,3.141592653589793,car357,-34.62655161613557,-24.36502556253574,3,4.498720035680568,2.8285984835603033
car85,-32.354259414907794,-22.75,3,3.832322309662713,3.141592653589793,car357,-34.93584916753428,-24.265145941905676,3,4.565338331430108,2.830008630289726
car85,-32.62822324761515,-22.75,3,3.89894256413714,3.141592653589793,car357,-35.24931636830437,-24.16454632723728,3,4.631940593392241,2.832225385098784
car185,-24.631600436311942,-22.75,1,8.23641137385007e-11,3.141592653589793,car257,-29.75,-20.040317672764093,3,0,-1.5707963267948966
car185,-24.631600436316965,-22.75,1,7.77014117883642e-11,3.141592653589793,car257,-29.75,-20.040317672764093,3,0,-1.5707963267948966
car185,-24.631600436321705,-22.75,1,7.330243928210469e-11,3.141592653589793,car257,-29.75,-20.040317672764093,3,0,-1.5707963267948966
car185,-24.631600436326174,-22.75,1,6.915037867875015e-11,3.141592653589793,car257,-29.75,-20.040317672764093,3,0,-1.5707963267948966
car185,-24.631600436330395,-22.75,1,6.523206986288335e-11,3.141592653589793,car257,-29.75,-20.040317672764093,3,0,-1.5707963267948966
car185,-24.631600436334374,-22.75,1,6.153564053754373e-11,3.141592653589793,car257,-29.75,-20.040317672764093,3,0,-1.5707963267948966
car185,-24.638266169709787,-22.75,2,0.06666200008808951,3.141592653589793,car257,-29.75,-20.040317672764093,1,0,-1.5707963267948966
car185,-24.649370392931978,-22.75,2,0.13330399996072878,3.141592653589793,car257,-29.75,-20.040317672764093,1,0,-1.5707963267948966
car185,-24.664918438255164,-22.75,2,0.19995399986992582,3.141592653589793,car257,-29.75,-20.040317672764093,1,0,-1.5707963267948966
car185,-24.68489751002238,-22.75,2,0.2665759999260833,3.141592653589793,car257,-29.75,-20.040317672764093,1,0,-1.5707963267948966
car185,-24.70933466580339,-22.75,2,0.33323999955225175,3.141592653589793,car257,-29.75,-20.040317672764093,1,0,-1.5707963267948966
car185,-24.738221242908907,-22.75,2,0.3999139986551002,3.141592653589793,car257,-29.75,-20.040317672764093,1,0,-1.5707963267948966
car185,-24.771542443685334,-22.75,2,0.4665699965311195,3.141592653589793,car257,-29.75,-20.040317672764093,1,0,-1.5707963267948966
car185,-24.809343997280436,-22.75,2,0.533281992569848,3.141592653589793,car257,-29.75,-20.040317672764093,1,0,-1.5707963267948966
car185,-24.85150072224603,-22.75,2,0.5998639858047738,3.141592653589793,car257,-29.75,-20.040317672764093,1,0,-1.5707963267948966
car185,-24.89814338989882,-22.75,2,0.6665119750707109,3.141592653589793,car257,-29.75,-20.040317672764093,1,0,-1.5707963267948966
car185,-25.013659827647672,-22.75,2,0.7998279425819258,3.141592653589793,car257,-29.75,-20.040317672764093,1,0,-1.5707963267948966
car185,-25.073645687629707,-22.75,2,0.8664919089421144,3.141592653589793,car257,-29.75,-20.040317672764093,1,0,-1.5707963267948966
car185,-25.138118294575726,-22.75,2,0.9331958624007026,3.141592653589793,car257,-29.75,-20.040317672764093,1,0,-1.5707963267948966
car185,-25.206902079741134,-22.75,2,0.9997778004099593,3.141592653589793,car257,-29.75,-20.040317672764093,1,0,-1.5707963267948966
car185,-25.280176601457896,-22.75,2,1.066407718006678,3.141592653589793,car257,-29.75,-20.040317672764093,1,0,-1.5707963267948966
car185,-25.35795905710541,-22.75,2,1.1330916117301404,3.141592653589793,car257,-29.75,-20.040317672764093,1,0,-1.5707963267948966
car185,-25.44012427070563,-22.75,2,1.1997274759511276,3.141592653589793,car257,-29.75,-20.040317672764093,1,0,-1.5707963267948966
car185,-25.526721430441967,-22.75,2,1.2663573053161161,3.141592653589793,car257,-29.75,-20.040317672764093,1,0,-1.5707963267948966
car185,-25.617813851547382,-22.75,2,1.333025093719264,3.141592653589793,car257,-29.75,-20.040317672764093,1,0,-1.5707963267948966
car185,-25.71332328171915,-22.75,2,1.3996748338369234,3.141592653589793,car257,-29.75,-20.040317672764093,1,0,-1.5707963267948966
car185,-25.79750762001113,-22.74940747683098,2,1.4663385180039161,3.1275889154489787,car257,-29.75,-20.040317672764093,1,0,-1.5707963267948966
car185,-25.886107205842222,-22.747530440172962,2,1.5329781379755276,3.1133083025078196,car257,-29.75,-20.040317672764093,1,0,-1.5707963267948966
car185,-25.979255045957327,-22.7442136827114,2,1.5996376834970576,3.09877280378339,car257,-29.75,-20.040317672764093,1,0,-1.5707963267948966
car185,-26.07697358071364,-22.739300375104865,2,1.6662831446663033,3.0840208158987705,car257,-29.75,-20.040317672764093,1,0,-1.5707963267948966
car185,-26.179368597751743,-22.732626284726937,2,1.732938510267241,3.0690762815109176,car257,-29.75,-20.040317672764093,1,0,-1.5707963267948966
car185,-26.286485839654873,-22.72402624535962,2,1.799589768120475,3.0539704232089906,car257,-29.75,-20.040317672764093,1,0,-1.5707963267948966
car185,-26.39840684187654,-22.71332887774043,2,1.8662469050161647,3.0387272619879835,car257,-29.75,-20.040317672764093,1,0,-1.5707963267948966
car185,-26.515197919234136,-22.700359922176716,2,1.9329119066933858,3.0233709093814753,car257,-29.75,-20.040317672764093,1,0,-1.5707963267948966
car185,-26.6368489716308,-22.68495160356,2,1.9995487581583573,3.0079327085982888,car257,-29.75,-20.040317672764093,1,0,-1.5707963267948966
car185,-26.763474345778917,-22.666918400377778,2,2.066191442810811,2.9924253005629966,car257,-29.75,-20.040317672764093,1,0,-1.5707963267948966
car185,-26.89511867572509,-22.64607934280678,2,2.1328379435656655,2.97686782789774,car257,-29.75,-20.040317672764093,1,0,-1.5707963267948966
car185,-27.031837270211692,-22.622248682680848,2,2.199494240624323,2.961275387535288,car257,-29.75,-20.040317672764093,1,0,-1.5707963267948966
car185,-27.173618291983974,-22.595250218819665,2,2.2661383148656022,2.9456676533456183,car257,-29.75,-20.040317672764093,1,0,-1.5707963267948966
car185,-27.3205187387199,-22.564893221194417,2,2.3327841448453963,2.9300534200197648,car257,-29.75,-20.040317672764093,1,0,-1.5707963267948966
car185,-27.472610893679338,-22.530978824210823,2,2.399453707380406,2.914437343002692,car257,-29.75,-20.040317672764093,1,0,-1.5707963267948966
car185,-27.629748523830976,-22.49335616735346,2,2.466080980482528,2.8988430144826514,car257,-29.75,-20.040317672764093,1,0,-1.5707963267948966
car185,-27.792120690767263,-22.451793599125555,2,2.5327439365110385,2.8832571854671727,car257,-29.75,-20.040317672764093,1,0,-1.5707963267948966
car185,-27.959595458993476,-22.406134597481213,2,2.5993925504119395,2.8676951457858975,car257,-29.75,-20.040317672764093,1,0,-1.5707963267948966
car185,-28.132159522638222,-22.356192954221704,2,2.66603079407086,2.8521570047797122,car257,-29.75,-20.040317672764093,1,0,-1.5707963267948966
car185,-28.30984960648635,-22.30176366560949,2,2.7326846366086177,2.8366354556534565,car257,-29.75,-20.040317672764093,1,0,-1.5707963267948966
car185,-28.589035128583426,-22.21023055752334,2,2.8326597537594274,2.8131178241448973,car257,-29.75,-20.040317672764093,1,0,-1.5707963267948966
car185,-28.77923121727201,-22.14375093581117,2,2.89931845445663,2.7976329416429206,car257,-29.75,-20.040317672764093,1,0,-1.5707963267948966
car185,-28.974183867525596,-22.072203620170853,2,2.9659426421314414,2.7821552462045336,car257,-29.75,-20.040317672764093,1,0,-1.5707963267948966
car185,-29.17394194715566,-21.995362860763546,2,3.032582274959759,2.766662036314343,car257,-29.75,-20.040317672764093,1,0,-1.5707963267948966
car181,-33.25,-10.682613944863967,1,3.8026518784373644e-12,-1.5707963267948966,car117,-37.22263367252165,-15.75,3,0,0
car181,-33.25,-10.682613944864201,1,3.5917050973658072e-12,-1.5707963267948966,car117,-37.22263367252165,-15.75,3,0,0
car181,-33.25,-10.689276878704433,2,0.06664799992354267,-1.5707963267948966,car117,-37.22263367252165,-15.75,1,0,0
car181,-33.25,-10.700387634232499,2,0.13331800000938848,-1.5707963267948966,car117,-37.22263367252165,-15.75,1,0,0
car181,-33.25,-10.715941278585241,2,0.19998199955951076,-1.5707963267948966,car117,-37.22263367252165,-15.75,1,0,0
car181,-33.25,-10.735927813956401,2,0.2666179997221698,-1.5707963267948966,car117,-37.22263367252165,-15.75,1,0,0
car181,-33.25,-10.76036403679938,2,0.3332739992872103,-1.5707963267948966,car117,-37.22263367252165,-15.75,1,0,0
car181,-33.25,-10.808696502885155,2,0.43328199791806365,-1.5707963267948966,car117,-37.22263367252165,-15.75,1,0,0
car181,-33.25,-10.844222884645973,2,0.4999079947715419,-1.5707963267948966,car117,-37.22263367252165,-15.75,1,0,0
car181,-33.25,-10.884214884068683,2,0.5665719896732826,-1.5707963267948966,car117,-37.22263367252165,-15.75,1,0,0
car181,-33.25,-10.928597319537147,2,0.6331659811760139,-1.5707963267948966,car117,-37.22263367252165,-15.75,1,0,0
car181,-33.25,-10.977472828562384,2,0.699829967990331,-1.5707963267948966,car117,-37.22263367252165,-15.75,1,0,0
car181,-33.25,-11.030785226421948,2,0.7664859482322331,-1.5707963267948966,car117,-37.22263367252165,-15.75,1,0,0
car181,-33.25,-11.088523248616944,2,0.8331239196802643,-1.5707963267948966,car117,-37.22263367252165,-15.75,1,0,0
car181,-33.25,-11.15073288353949,2,0.8997918800999825,-1.5707963267948966,car117,-37.22263367252165,-15.75,1,0,0
car181,-33.25,-11.217382737429851,2,0.9664558261938547,-1.5707963267948966,car117,-37.22263367252165,-15.75,1,0,0
car181,-33.25,-11.28846501042517,2,1.03310975436862,-1.5707963267948966,car117,-37.22263367252165,-15.75,1,0,0
car181,-33.25,-11.363987565996496,2,1.0997616605813891,-1.5707963267948966,car117,-37.22263367252165,-15.75,1,0,0
car181,-33.25,-11.443962999668216,2,1.1664215402071,-1.5707963267948966,car117,-37.22263367252165,-15.75,1,0,0
car181,-33.25,-11.528343720012423,2,1.2330533881989139,-1.5707963267948966,car117,-37.22263367252165,-15.75,1,0,0
car181,-33.25,-11.617195775055258,2,1.2997071979390573,-1.5707963267948966,car117,-37.22263367252165,-15.75,1,0,0
car181,-33.25,-11.710457576440184,2,1.3663389630010545,-1.5707963267948966,car117,-37.22263367252165,-15.75,1,0,0
car181,-33.250566528577465,-11.79278456723598,2,1.4330186762555281,-1.5844893325854803,car117,-37.22263367252165,-15.75,1,0,0
car181,-33.25236292978738,-11.879471956750555,2,1.4996543291625364,-1.5984692813226822,car117,-37.22263367252165,-15.75,1,0,0
car181,-33.25554154431503,-11.97067888315449,2,1.5663119129300282,-1.6127188569040958,car117,-37.22263367252165,-15.75,1,0,0
car181,-33.260258308585584,-12.066459289963648,2,1.632977417613981,-1.6272044425430188,car117,-37.22263367252165,-15.75,1,0,0
car181,-33.27079596281172,-12.221727403091386,2,1.732958539846976,-1.6497166955660247,car117,-37.22263367252165,-15.75,1,0,0
car181,-33.28010514429223,-12.32917017591298,2,1.7995857982160368,-1.6646421635922597,car117,-37.22263367252165,-15.75,1,0,0
car181,-33.29153349746515,-12.441459836998288,2,1.866244935108675,-1.6797123551112185,car117,-37.22263367252165,-15.75,1,0,0
car181,-33.30524700108231,-12.558585441393207,2,1.9328939369078937,-1.694893467139744,car117,-37.22263367252165,-15.75,1,0,0
car181,-33.32142576542375,-12.680643076197615,2,1.999554788184735,-1.710168492183287,car117,-37.22263367252165,-15.75,1,0,0
car181,-33.340240389879675,-12.80763056715585,2,2.0661994727970807,-1.7255105618950402,car117,-37.22263367252165,-15.75,1,0,0
car181,-33.36187605336105,-12.939631790968797,2,2.132847973033198,-1.7409062073078496,car117,-37.22263367252165,-15.75,1,0,0
car181,-33.38651122626094,-13.076666017117144,2,2.1994902703108936,-1.7563369377623839,car117,-37.22263367252165,-15.75,1,0,0
car181,-33.414338531825535,-13.218814214076449,2,2.266148344268165,-1.7717940293039862,car117,-37.22263367252165,-15.75,1,0,0
car181,-33.44553906086258,-13.36607818875101,2,2.3328101738104317,-1.7872628140757265,car117,-37.22263367252165,-15.75,1,0,0
car181,-33.499815118427875,-13.59964283582019,2,2.4327645193627996,-1.8107656323125074,car117,-37.22263367252165,-15.75,1,0,0
car181,-33.54031163435768,-13.759747568986182,2,2.499425636656824,-1.8262157274816868,car117,-37.22263367252165,-15.75,1,0,0
car181,-33.60961849320646,-14.012874178261471,2,2.5994788153652197,-1.8496700174252434,car117,-37.22263367252165,-15.75,1,0,0
car181,-33.6605038696571,-14.185527606626238,2,2.6660450629673016,-1.8650550747698056,car117,-37.22263367252165,-15.75,1,0,0
car181,-33.71592045108079,-14.363415855251226,2,2.7326789065112,-1.880442849804378,car117,-37.22263367252165,-15.75,1,0,0
car181,-33.776021647497814,-14.546380935382162,2,2.7993363172241184,-1.8958263372000144,car117,-37.22263367252165,-15.75,1,0,0
car181,-33.8409734567192,-14.734313472224377,2,2.86599926309288,-1.9112068618201026,car117,-37.22263367252165,-15.75,1,0,0
car181,-33.910909533647754,-14.927017983560503,2,2.9326277126227893,-1.9265827146478112,car117,-37.22263367252165,-15.75,1,0,0
car181,-33.98602873328614,-15.124480137152746,2,2.9992496287119406,-1.941970371266213,car117,-37.22263367252165,-15.75,1,0,0
car181,-34.066560565380236,-15.326739627247141,2,3.0659129684671997,-1.957393209583847,car117,-37.22263367252165,-15.75,1,0,0
car181,-34.15258885898722,-15.533460151893168,2,3.1325496986761636,-1.9728494126474445,car117,-37.22263367252165,-15.75,1,0,0
car181,-34.244354978581946,-15.744686466881761,2,3.199219772179221,-1.9883697101350148,car117,-37.22263367252165,-15.75,1,0,0
car181,-34.34188248837854,-15.959953118898476,2,3.2658311560800275,-2.0039510382615893,car117,-37.22263367252165,-15.75,1,0,0
car181,-34.44549501098963,-16.17945591963183,2,3.3324997919900836,-2.019642338512333,car117,-37.22263367252165,-15.75,1,0,0
car373,-29.75,-19.633020531847066,2,0,-1.5707963267948966,car113,-36.75,-29.830329047684785,2,1.3663389631412624,1.5707963267948966
car373,-29.75,-19.633020531847066,2,0,-1.5707963267948966,car113,-36.749389520268124,-29.748010877158663,2,1.433018676395736,1.556038044375696
car373,-29.75,-19.633020531847066,2,0,-1.5707963267948966,car113,-36.747454180303734,-29.661365420506083,2,1.4996543293027442,1.5409675042208468
car373,-29.75,-19.633020531847066,2,0,-1.5707963267948966,car113,-36.74403058925861,-29.570238145958292,2,1.566311913070236,1.525604284424916
car373,-29.75,-19.633020531847066,2,0,-1.5707963267948966,car113,-36.73895167020102,-29.474579946812018,2,1.6329774177541887,1.5099856750191478
car373,-29.75,-19.633020531847066,2,0,-1.5707963267948966,car113,-36.727609130378305,-29.31959225001352,2,1.7329585399871834,1.4857134785789563
car373,-29.75,-19.633020531847066,2,0,-1.5707963267948966,car113,-36.71759264015371,-29.212402019796052,2,1.799585798356244,1.4696236717070628
car373,-29.75,-19.633020531847066,2,0,-1.5707963267948966,car113,-36.70529988912943,-29.10042653458118,2,1.866244935248882,1.4533814030353005
car373,-29.75,-19.633020531847066,2,0,-1.5707963267948966,car113,-36.69055407302003,-28.98368257814975,2,1.9328939370481004,1.4370245290893877
car373,-29.75,-19.633020531847066,2,0,-1.5707963267948966,car113,-36.67316348941068,-28.862080493802658,2,1.9995547883249416,1.4205728245207452
car373,-29.75,-19.633020531847066,2,0,-1.5707963267948966,car113,-36.652946983872184,-28.73562883596801,2,2.0661994729372872,1.4040566827097951
car373,-29.75,-19.633020531847066,2,0,-1.5707963267948966,car113,-36.62970808127175,-28.604250753354677,2,2.132847973173404,1.3874920452869695
car373,-29.75,-19.633020531847066,2,0,-1.5707963267948966,car113,-36.60325789055588,-28.467934061688098,2,2.1994902704510992,1.370900221870629
car373,-29.75,-19.633020531847066,2,0,-1.5707963267948966,car113,-36.573392730093154,-28.326605560030917,2,2.26614834440837,1.3542919680835699
car373,-29.75,-19.633020531847066,2,0,-1.5707963267948966,car113,-36.539921734599105,-28.18027116247985,2,2.332810173950636,1.337684367053951
car373,-29.75,-19.633020531847066,2,0,-1.5707963267948966,car113,-36.48172942077433,-27.948347549336958,2,2.432764519503003,1.312479330621449
car373,-29.75,-19.633020531847066,2,0,-1.5707963267948966,car113,-36.43833655465435,-27.789485361105953,2,2.499425636797027,1.295930410427893
car373,-29.75,-19.633020531847066,2,0,-1.5707963267948966,car113,-36.36411986287072,-27.538518147789915,2,2.599478815505422,1.2708414005913093
car373,-29.75,-19.633020531847066,2,0,-1.5707963267948966,car113,-36.30966523828974,-27.367474798392145,2,2.666045063107503,1.2544073457900988
car373,-29.75,-19.633020531847066,2,0,-1.5707963267948966,car113,-36.25039398245801,-27.191362303243316,2,2.7326789066514006,1.2379899068237281
car373,-29.75,-19.633020531847066,2,0,-1.5707963267948966,car113,-36.18614880925267,-27.0103481272828,2,2.799336317364318,1.221597339139573
car373,-29.75,-19.633020531847066,2,0,-1.5707963267948966,car113,-36.116759630961695,-26.824551963393663,2,2.865999263233079,1.205228897069001
car373,-29.75,-19.633020531847066,2,0,-1.5707963267948966,car113,-36.042091596602866,-26.63417900156171,2,2.9326277127629874,1.188886950472356
car373,-29.75,-19.633020531847066,2,0,-1.5707963267948966,car113,-35.961940983825215,-26.43925594659413,2,2.9992496288521373,1.1725544478521075
car373,-29.75,-19.633020531847066,2,0,-1.5707963267948966,car113,-35.87607229872582,-26.239757136501527,2,3.0659129686073956,1.1562069901362688
car373,-29.75,-19.633020531847066,2,0,-1.5707963267948966,car113,-35.784406280339006,-26.03602850819473,2,3.132549698816358,1.1398468256810863
car373,-29.75,-19.633020531847066,2,0,-1.5707963267948966,car113,-35.686696673772666,-25.828040993682393,2,3.199219772319414,1.123441665578079
car373,-29.75,-19.633020531847066,2,0,-1.5707963267948966,car113,-35.58293010476066,-25.61626869405473,2,3.265831156220219,1.1069948892405739
car373,-29.75,-19.633020531847066,2,0,-1.5707963267948966,car113,-35.47277491493342,-25.400535839940243,2,3.3324997921302737,1.0904549097726484
car373,-29.75,-19.633020531847066,2,0,-1.5707963267948966,car113,-35.356283420541885,-25.18144092024907,2,3.3991116482260693,1.0738254888307508
car373,-29.75,-19.633020531847066,2,0,-1.5707963267948966,car113,-35.2330937984907,-24.958799864243865,2,3.4657946563661186,1.0570460203934346
car373,-29.75,-19.633020531847066,2,0,-1.5707963267948966,car113,-35.103334604523795,-24.733338366294888,2,3.532414787300606,1.0401197892984224
car373,-29.75,-19.633020531847066,2,0,-1.5707963267948966,car113,-34.96676699701334,-24.505122020846112,2,3.599039978359723,1.0229950654066564
car373,-29.75,-19.633020531847066,2,0,-1.5707963267948966,car113,-34.82326904614746,-24.2744447931706,2,3.665678172088214,1.0056317483377075
car373,-29.75,-19.633020531847066,2,0,-1.5707963267948966,car113,-34.672759306180836,-24.041677894366437,2,3.7323233128243993,0.9879894670679686
car373,-29.75,-19.633020531847066,2,0,-1.5707963267948966,car113,-34.51515089268412,-23.807194059628394,2,3.798977340795459,0.9700214022360868
car373,-29.75,-19.633020531847066,2,0,-1.5707963267948966,car113,-34.35054308080549,-23.57164171473279,2,3.865574210853256,0.9516951262093483
car373,-29.75,-19.633020531847066,2,0,-1.5707963267948966,car113,-34.1786434856426,-23.335118479376565,2,3.9322098370919076,0.9329277372011087
car373,-29.75,-19.633020531847066,2,0,-1.5707963267948966,car113,-33.999427071217426,-23.09813513380327,2,3.9988741546451965,0.9136592613026616
car373,-29.75,-19.633020531847066,2,0,-1.5707963267948966,car113,-33.81314852767556,-22.861562702623,2,4.0654671251510655,0.8938508107530496
car373,-29.75,-19.633020531847066,2,0,-1.5707963267948966,car113,-33.61950860480947,-22.62557083153557,2,4.132092647782702,0.8733952221802218
car373,-29.75,-19.633020531847066,2,0,-1.5707963267948966,car113,-33.41850268265982,-22.39074337699298,2,4.198750648372705,0.8522067996886773
car373,-29.75,-19.633020531847066,2,0,-1.5707963267948966,car113,-33.210440029789964,-22.158029018373064,2,4.265349084274155,0.8302214698558477
car373,-29.75,-19.633020531847066,2,0,-1.5707963267948966,car113,-32.99500759970111,-21.927690875120934,2,4.3319998375996605,0.8072967239265045
car373,-29.75,-19.633020531847066,2,0,-1.5707963267948966,car113,-32.772516493395486,-21.70070575777735,2,4.398624857795939,0.7833419174836955
car373,-29.75,-19.633020531847066,2,0,-1.5707963267948966,car113,-32.5430895280763,-21.477847023060644,2,4.465214069089628,0.7582311353926579
car373,-29.75,-19.633020531847066,2,0,-1.5707963267948966,car113,-32.306603559737546,-21.2596843124732,2,4.531831359209445,0.731793457876613
car373,-29.75,-19.633020531847066,2,0,-1.5707963267948966,car113,-32.06314779211498,-21.04703863623403,2,4.598482633764837,0.703860249173215
car373,-29.75,-19.633020531847066,2,0,-1.5707963267948966,car113,-31.8131783251365,-20.84106001082395,2,4.665083847009268,0.6742839242762305
car373,-29.75,-19.633020531847066,2,0,-1.5707963267948966,car113,-31.556685861521526,-20.642518611130654,2,4.731682881846871,0.6428394659794918
car61,-33.560236449620064,-26.375809877748086,3,0,-1.216764580325378,car313,-36.75,-30.81772953261227,1,5.12834415672507e-12,1.5707963267948966
car61,-33.560236449620064,-26.375809877748086,3,0,-1.216764580325378,car313,-36.75,-30.817729532611956,1,4.837870936021636e-12,1.5707963267948966
car61,-33.560236449620064,-26.375809877748086,3,0,-1.216764580325378,car313,-36.75,-30.817729532611658,1,4.563831153296914e-12,1.5707963267948966
car61,-33.560236449620064,-26.375809877748086,3,0,-1.216764580325378,car313,-36.75,-30.81772953261138,1,4.304759871373811e-12,1.5707963267948966
car61,-33.560236449620064,-26.375809877748086,3,0,-1.216764580325378,car313,-36.75,-30.817729532611118,1,4.060696997314214e-12,1.5707963267948966
car61,-33.560236449620064,-26.375809877748086,3,0,-1.216764580325378,car313,-36.75,-30.81772953261087,1,3.8302811758465285e-12,1.5707963267948966
car61,-33.560236449620064,-26.375809877748086,1,0,-1.216764580325378,car313,-36.75,-30.811064199208346,2,0.06666000001515517,1.5707963267948966
car61,-33.560236449620064,-26.375809877748086,1,0,-1.216764580325378,car313,-36.75,-30.799967039425667,2,0.13327600015547975,1.5707963267948966
car61,-33.560236449620064,-26.375809877748086,1,0,-1.216764580325378,car313,-36.75,-30.784410862083362,2,0.19995600029312172,1.5707963267948966
car61,-33.560236449620064,-26.375809877748086,1,0,-1.216764580325378,car313,-36.75,-30.7644204609529,2,0.26660600009676316,1.5707963267948966
car61,-33.560236449620064,-26.375809877748086,1,0,-1.216764580325378,car313,-36.75,-30.739988770481354,2,0.33325399960101243,1.5707963267948966
car61,-33.560236449620064,-26.375809877748086,1,0,-1.216764580325378,car313,-36.75,-30.71111085849163,2,0.39990999856690346,1.5707963267948966
car61,-33.560236449620064,-26.375809877748086,1,0,-1.216764580325378,car313,-36.75,-30.677811517893915,2,0.4665299966356833,1.5707963267948966
car61,-33.560236449620064,-26.375809877748086,1,0,-1.216764580325378,car313,-36.75,-30.64002196587255,2,0.5332279925699659,1.5707963267948966
car61,-33.560236449620064,-26.375809877748086,1,0,-1.216764580325378,car313,-36.75,-30.59781165514479,2,0.5998879859280682,1.5707963267948966
car61,-33.560236449620064,-26.375809877748086,1,0,-1.216764580325378,car313,-36.75,-30.551178585370565,2,0.6665219750879356,1.5707963267948966
car61,-33.560236449620064,-26.375809877748086,1,0,-1.216764580325378,car313,-36.75,-30.500086364332027,2,0.733177959293488,1.5707963267948966
car61,-33.560236449620064,-26.375809877748086,1,0,-1.216764580325378,car313,-36.75,-30.444560454548657,2,0.7998239354228734,1.5707963267948966
car61,-33.560236449620064,-26.375809877748086,1,0,-1.216764580325378,car313,-36.75,-30.384590858490967,2,0.8664719016699889,1.5707963267948966
car61,-33.560236449620064,-26.375809877748086,1,0,-1.216764580325378,car313,-36.75,-30.32016437982606,2,0.9331338553079438,1.5707963267948966
car61,-33.560236449620064,-26.375809877748086,1,0,-1.216764580325378,car313,-36.75,-30.2513144794301,2,0.9997777928165101,1.5707963267948966
car61,-33.560236449620064,-26.375809877748086,1,0,-1.216764580325378,car313,-36.75,-30.178008765611587,2,1.0664337105791375,1.5707963267948966
car61,-33.560236449620064,-26.375809877748086,1,0,-1.216764580325378,car313,-36.75,-30.10025750453331,2,1.1330916041357595,1.5707963267948966
car61,-33.560236449620064,-26.375809877748086,1,0,-1.216764580325378,car313,-36.75,-30.0181056207619,2,1.1997174687666163,1.5707963267948966
car61,-33.560236449620064,-26.375809877748086,1,0,-1.216764580325378,car313,-36.75,-29.931458739625562,2,1.2663832983193386,1.5707963267948966
car61,-33.560236449620064,-26.375809877748086,1,0,-1.216764580325378,car313,-36.75,-29.840382182178296,2,1.3330390866518365,1.5707963267948966
car61,-33.560236449620064,-26.375809877748086,1,0,-1.216764580325378,car313,-36.75,-29.744835027229023,2,1.3997128263821121,1.5707963267948966
car61,-33.560236449620064,-26.375809877748086,1,0,-1.216764580325378,car313,-36.749353908980616,-29.660727641998477,2,1.4663265108366847,1.5555107359506046
car61,-33.560236449620064,-26.375809877748086,1,0,-1.216764580325378,car313,-36.747304818577355,-29.572156733794827,2,1.5329841303894225,1.5399024616430486
car61,-33.560236449620064,-26.375809877748086,1,0,-1.216764580325378,car313,-36.74368727005109,-29.479150719706958,2,1.5996156763472076,1.524024369216261
car61,-33.560236449620064,-26.375809877748086,1,0,-1.216764580325378,car313,-36.73832478635748,-29.381540676939807,2,1.666291137066382,1.507893926194692
car61,-33.560236449620064,-26.375809877748086,1,0,-1.216764580325378,car313,-36.731045141839026,-29.279351561241416,2,1.7329505026475363,1.4915597620633767
car61,-33.560236449620064,-26.375809877748086,1,0,-1.216764580325378,car313,-36.721674060877525,-29.17256991451054,2,1.7995677610655576,1.4750609156075463
car61,-33.560236449620064,-26.375809877748086,1,0,-1.216764580325378,car313,-36.710017419915125,-29.061012535715694,2,1.8662188980354646,1.4584084176036123
car61,-33.560236449620064,-26.375809877748086,1,0,-1.216764580325378,car313,-36.69588094061001,-28.944588526367028,2,1.9329198990419807,1.4416265758076734
car61,-33.560236449620064,-26.375809877748086,1,0,-1.216764580325378,car313,-36.67910474742301,-28.82348208329576,2,1.999542751088278,1.4247753735175333
car61,-33.560236449620064,-26.375809877748086,1,0,-1.216764580325378,car313,-36.6594802062783,-28.69750250324133,2,2.0661694359504676,1.4078579583672328
car61,-33.560236449620064,-26.375809877748086,1,0,-1.216764580325378,car313,-36.63679342706905,-28.566502450318996,2,2.1328519357676825,1.3908828344184672
car61,-33.560236449620064,-26.375809877748086,1,0,-1.216764580325378,car313,-36.61087442037251,-28.430607386308623,2,2.1995102327457845,1.3738907985140232
car61,-33.560236449620064,-26.375809877748086,1,0,-1.216764580325378,car313,-36.58153660983213,-28.289827694315576,2,2.26613030744179,1.3569029066924716
car61,-33.560236449620064,-26.375809877748086,1,0,-1.216764580325378,car313,-36.54855002696886,-28.14398905125844,2,2.332784137718352,1.3399151582983948
car61,-33.560236449620064,-26.375809877748086,1,0,-1.216764580325378,car313,-36.49100644728326,-27.91275099738128,2,2.4327624822735174,1.3141388543967651
car61,-33.560236449620064,-26.375809877748086,1,0,-1.216764580325378,car313,-36.44800144116801,-27.75438864098621,2,2.4994235995771974,1.29722990233172
car61,-33.560236449620064,-26.375809877748086,1,0,-1.216764580325378,car313,-36.40067946577062,-27.5910838861644,2,2.566070388258816,1.2803655703635601
car61,-33.560236449620064,-26.375809877748086,1,0,-1.216764580325378,car313,-36.34886129765179,-27.422908185629673,2,2.632686821862684,1.263553507352463
car61,-33.560236449620064,-26.375809877748086,1,0,-1.216764580325378,car313,-36.29231832425645,-27.249782499840272,2,2.699318870122663,1.2467828651584956
car61,-33.560236449620064,-26.375809877748086,1,0,-1.216764580325378,car313,-36.23081667931184,-27.071643888920885,2,2.7660064986636126,1.2300420295136116
car61,-33.560236449620064,-26.375809877748086,1,0,-1.216764580325378,car313,-36.16424410850281,-26.888784403727442,2,2.8326656812341096,1.2133487857098832
car61,-33.560236449620064,-26.375809877748086,1,0,-1.216764580325378,car313,-36.092436058357755,-26.701325225512583,2,2.8992843856931336,1.1966998765647312
car61,-33.560236449620064,-26.375809877748086,1,0,-1.216764580325378,car313,-36.01511862203772,-26.509120153587194,2,2.965946569684395,1.1800651644597917
car161,-31.797525409510488,-19.086601655187557,1,0,-1.2672455158290146,car445,-44.76532143468436,-15.75,3,0.16669694900215817,0
car161,-31.797525409510488,-19.086601655187557,1,0,-1.2672455158290146,car445,-44.747542615923116,-15.75,3,0.23336094898039084,0
car161,-31.797525409510488,-19.086601655187557,1,0,-1.2672455158290146,car445,-44.72533270762001,-15.75,3,0.2999949485497761,0
car161,-31.797525409510488,-19.086601655187557,1,0,-1.2672455158290146,car445,-44.68033681280223,-15.75,3,0.3999889475973487,0
car161,-31.797525409510488,-19.086601655187557,1,0,-1.2672455158290146,car445,-44.64701661569436,-15.75,3,0.46663494539596073,0
car161,-31.797525409510488,-19.086601655187557,1,0,-1.2672455158290146,car445,-44.585362321434594,-15.75,3,0.5666229395448084,0
car161,-31.797525409510488,-19.086601655187557,1,0,-1.2672455158290146,car445,-44.5137242937583,-15.75,3,0.6665949267023077,0
car161,-31.797525409510488,-19.086601655187557,1,0,-1.2672455158290146,car445,-44.46262027780935,-15.75,3,0.7332589104940531,0
car161,-31.797525409510488,-19.086601655187557,1,0,-1.2672455158290146,car445,-44.33825300051057,-15.75,3,0.8665328630668445,0
car161,-31.797525409510488,-19.086601655187557,1,0,-1.2672455158290146,car445,-44.23654839434794,-15.75,3,0.9665767933913708,0
car161,-31.797525409510488,-19.086601655187557,1,0,-1.2672455158290146,car445,-44.08111598896037,-15.75,3,1.0998286497685974,0
car161,-31.797525409510488,-19.086601655187557,1,0,-1.2672455158290146,car445,-44.001130890495624,-15.75,3,1.166492529388206,0
car161,-31.797525409510488,-19.086601655187557,1,0,-1.2672455158290146,car445,-43.818912104719104,-15.75,3,1.299838224803317,0
car161,-31.797525409510488,-19.086601655187557,1,0,-1.2672455158290146,car445,-43.674069109335974,-15.75,3,1.3997498725727184,0
car161,-31.797525409510488,-19.086601655187557,1,0,-1.2672455158290146,car445,-43.53478536382453,-15.750964092881578,3,1.499745398721592,-0.013765066333327865
car161,-31.797525409510488,-19.086601655187557,1,0,-1.2672455158290146,car445,-43.438415534848346,-15.75273844578328,3,1.5664949815825722,-0.02301781544889836
car161,-31.797525409510488,-19.086601655187557,1,0,-1.2672455158290146,car445,-43.33802132243653,-15.755524260873834,3,1.6330404869445705,-0.032426197548175856
car161,-31.797525409510488,-19.086601655187557,1,0,-1.2672455158290146,car445,-43.233114051972,-15.759432777450865,3,1.6996779016955919,-0.042010961707997105
car161,-31.797525409510488,-19.086601655187557,1,0,-1.2672455158290146,car445,-43.06435667555803,-15.767795744116885,3,1.7996748714518884,-0.05691392829826517
car161,-31.797525409510488,-19.086601655187557,1,0,-1.2672455158290146,car445,-42.9483501285753,-15.77498355030876,3,1.8663120082910258,-0.06679957541837683
car161,-31.797525409510488,-19.086601655187557,1,0,-1.2672455158290146,car445,-42.76279612493553,-15.788827812744378,3,1.9662805112770754,-0.08202352511830825
car161,-31.797525409510488,-19.086601655187557,1,0,-1.2672455158290146,car445,-42.63539798012177,-15.799949035794192,3,2.0329512809966555,-0.09206936022379496
car161,-31.797525409510488,-19.086601655187557,1,0,-1.2672455158290146,car445,-42.50347427537852,-15.812803335144213,3,2.09958987559191,-0.1021339731865624
car161,-31.797525409510488,-19.086601655187557,1,0,-1.2672455158290146,car445,-42.36687621660944,-15.827502826835202,3,2.1662522762810594,-0.1122028169038849
car161,-31.797525409510488,-19.086601655187557,1,0,-1.2672455158290146,car445,-42.15017518322446,-15.853612259353945,3,2.2662135584424963,-0.1274657076522518
car161,-31.797525409510488,-19.086601655187557,1,0,-1.2672455158290146,car445,-42.00185642652168,-15.87337727617159,3,2.3328733877848022,-0.137427541561981
car161,-31.797525409510488,-19.086601655187557,1,0,-1.2672455158290146,car445,-41.84878867171849,-15.895323169435077,3,2.3995349501784005,-0.14731034633755336
car161,-31.797525409510488,-19.086601655187557,1,0,-1.2672455158290146,car445,-41.60714061351328,-15.933031363830473,3,2.4994928587112812,-0.162120526416852
car161,-31.797525409510488,-19.086601655187557,1,0,-1.2672455158290146,car445,-41.44210305873766,-15.960842722897375,3,2.566139647502588,-0.17169976265275286
car161,-31.797525409510488,-19.086601655187557,1,0,-1.2672455158290146,car445,-41.2722236798452,-15.991132845522428,3,2.632784079435659,-0.18112391926561464
car161,-31.797525409510488,-19.086601655187557,1,0,-1.2672455158290146,car445,-41.0049840631423,-16.042028516472215,3,2.732774148079639,-0.19509004518557826
car161,-31.797525409510488,-19.086601655187557,1,0,-1.2672455158290146,car445,-40.8228519808312,-16.07887267830171,3,2.799421558765123,-0.20403114145324874
car161,-31.797525409510488,-19.086601655187557,1,0,-1.2672455158290146,car445,-40.537178322566895,-16.139967005330416,3,2.8993879785545933,-0.2171574158685451
car161,-31.797525409510488,-19.086601655187557,1,0,-1.2672455158290146,car445,-40.24036128664114,-16.207438331825472,3,2.9993392573375877,-0.22968980605372036
car161,-31.797525409510488,-19.086601655187557,1,0,-1.2672455158290146,car445,-40.038376866636746,-16.25551825172672,3,3.0659865977734415,-0.23760444669052255
car161,-31.797525409510488,-19.086601655187557,1,0,-1.2672455158290146,car445,-39.49507770066071,-16.392724899012777,3,3.2326184174907766,-0.25657417178180775
car161,-31.797525409510488,-19.086601655187557,1,0,-1.2672455158290146,car445,-39.16064332828974,-16.48230791541871,3,3.332578940026278,-0.2666680322980145
car161,-31.797525409510488,-19.086601655187557,1,0,-1.2672455158290146,car445,-38.933673928322854,-16.54507774339714,3,3.3992067923781155,-0.2728698230128813
car161,-31.797525409510488,-19.086601655187557,1,0,-1.2672455158290146,car445,-38.45577502294955,-16.68186168037028,3,3.5325008184472564,-0.28429591931579923
car161,-31.797525409510488,-19.086601655187557,1,0,-1.2672455158290146,car445,-38.21377183307398,-16.75324352443007,3,3.5991520029925854,-0.2892718140236019
car161,-31.797525409510488,-19.086601655187557,1,0,-1.2672455158290146,car445,-37.966945755516086,-16.82732575366884,3,3.6657721985939844,-0.2938068127700194
car161,-31.797525409510488,-19.086601655187557,1,0,-1.2672455158290146,car445,-37.71515942803203,-16.90408053007878,3,3.732405340389377,-0.2978854508388845
car161,-31.797525409510488,-19.086601655187557,1,0,-1.2672455158290146,car445,-37.32500557481859,-17.025034859239977,3,3.832351388824508,-0.30314295686641696
car161,-31.797525409510488,-19.086601655187557,1,0,-1.2672455158290146,car445,-37.061033108983835,-17.108026890152708,3,3.8989976360343737,-0.3059851261489383
car161,-31.797525409510488,-19.086601655187557,1,0,-1.2672455158290146,car445,-36.79238778325143,-17.193249688194697,3,3.965618622402731,-0.3082971910768088
car161,-31.797525409510488,-19.086601655187557,1,0,-1.2672455158290146,car445,-36.37713948829367,-17.326096401169384,3,4.065570095607946,-0.310737431969084
car161,-31.797525409510488,-19.086601655187557,1,0,-1.2672455158290146,car445,-36.09674644437924,-17.416293811986037,3,4.1322036133248625,-0.3116156601297489
car161,-31.797525409510488,-19.086601655187557,1,0,-1.2672455158290146,car445,-35.81176272142707,-17.50814764346387,3,4.198843617678851,-0.311876987453109
car161,-31.797525409510488,-19.086601655187557,1,0,-1.2672455158290146,car445,-35.52246814339197,-17.601371758361807,3,4.265444051029306,-0.31149239442819443
car161,-31.797525409510488,-19.086601655187557,1,0,-1.2672455158290146,car445,-34.763044649369625,-17.844469491738234,3,4.432025945858575,-0.307347778326937
car421,-33.25101050892281,-12.418612931527345,2,0.5331759921734986,-1.5899570346603915,car225,-37.208079804700546,-21.96668564401483,1,0,-0.6432792795032715
car421,-33.25181099670059,-12.454409604552335,2,0.5998539856694609,-1.596338725706537,car225,-37.208079804700546,-21.96668564401483,1,0,-0.6432792795032715
car421,-33.25296305290387,-12.494070682745935,2,0.666485974816834,-1.603316286047208,car225,-37.208079804700546,-21.96668564401483,1,0,-0.6432792795032715
car421,-33.254546642874615,-12.537665395920571,2,0.7331279589227024,-1.6108756291447344,car225,-37.208079804700546,-21.96668564401483,1,0,-0.6432792795032715
car421,-33.25664826231417,-12.585235509782274,2,0.7997819351166356,-1.618995890658857,car225,-37.208079804700546,-21.96668564401483,1,0,-0.6432792795032715
car421,-33.25936052426663,-12.636810054678625,2,0.8664319013850422,-1.6276524528787495,car225,-37.208079804700546,-21.96668564401483,1,0,-0.6432792795032715
car421,-33.26278376330641,-12.69244199972883,2,0.9330898550038876,-1.6368233620580581,car225,-37.208079804700546,-21.96668564401483,1,0,-0.6432792795032715
car421,-33.26702362907195,-12.752165320848592,2,0.9997437925910053,-1.646482332564601,car225,-37.208079804700546,-21.96668564401483,1,0,-0.6432792795032715
car421,-33.272192494990215,-12.816024955716996,2,1.0663937103265293,-1.65660399811863,car225,-37.208079804700546,-21.96668564401483,1,0,-0.6432792795032715
car421,-33.27840814107786,-12.884060188651446,2,1.133033603790797,-1.6671614425563885,car225,-37.208079804700546,-21.96668564401483,1,0,-0.6432792795032715
car421,-33.285799033107644,-12.95635877726804,2,1.1996994682069468,-1.6781346768272027,car225,-37.208079804700546,-21.96668564401483,1,0,-0.6432792795032715
car421,-33.29449038688735,-13.032918857740135,2,1.2663472976788752,-1.6894898103117704,car225,-37.208079804700546,-21.96668564401483,1,0,-0.6432792795032715
car421,-33.30461998868726,-13.113810585733482,2,1.3329970860088014,-1.7012039889900121,car225,-37.208079804700546,-21.96668564401483,1,0,-0.6432792795032715
car421,-33.31632785266517,-13.199075877286383,2,1.399644826606522,-1.7132503907495693,car225,-37.208079804700546,-21.96668564401483,1,0,-0.6432792795032715
car421,-33.329762034124066,-13.288777622675653,2,1.4663025107833423,-1.7256056488093232,car225,-37.208079804700546,-21.96668564401483,1,0,-0.6432792795032715
car421,-33.34506792791874,-13.382929271176131,2,1.5329481303380978,-1.738240377707442,car225,-37.208079804700546,-21.96668564401483,1,0,-0.6432792795032715
car421,-33.362403407820835,-13.48159620688695,2,1.5995976758872434,-1.7511333244714555,car225,-37.208079804700546,-21.96668564401483,1,0,-0.6432792795032715
car421,-33.38192658271919,-13.584816132408847,2,1.6662491371075734,-1.7642606610746616,car225,-37.208079804700546,-21.96668564401483,1,0,-0.6432792795032715
car421,-33.4037982488259,-13.692619792684361,2,1.7328985027717105,-1.7775991718656259,car225,-37.208079804700546,-21.96668564401483,1,0,-0.6432792795032715
car421,-33.42818829228837,-13.805061805270105,2,1.7995577606653241,-1.7911301850882664,car225,-37.208079804700546,-21.96668564401483,1,0,-0.6432792795032715
car421,-33.45525300782722,-13.922118191884117,2,1.8661968981840633,-1.8048274898603138,car225,-37.208079804700546,-21.96668564401483,1,0,-0.6432792795032715
car421,-33.48517719134391,-14.043874932320037,2,1.9328499000566062,-1.8186798828140203,car225,-37.208079804700546,-21.96668564401483,1,0,-0.6432792795032715
car421,-33.53665782611689,-14.238450934380753,2,2.0328341771962095,-1.84004421544578,car225,-37.208079804700546,-21.96668564401483,1,0,-0.6432792795032715
car421,-33.57452969229224,-14.371981060734518,2,2.0994867719266703,-1.8541988843625783,car225,-37.208079804700546,-21.96668564401483,1,0,-0.6432792795032715
car421,-33.61586667029256,-14.510217555085406,2,2.1661351731591627,-1.8684533344482468,car225,-37.208079804700546,-21.96668564401483,1,0,-0.6432792795032715
car421,-33.66085004894463,-14.653168464549509,2,2.2327853614759,-1.8827981194599974,car225,-37.208079804700546,-21.96668564401483,1,0,-0.6432792795032715
car421,-33.70965030240368,-14.800798104725457,2,2.2994273165036927,-1.8972221262135627,car225,-37.208079804700546,-21.96668564401483,1,0,-0.6432792795032715
car421,-33.76245563364479,-14.953116044669715,2,2.3660750160890816,-1.9117215025292134,car225,-37.208079804700546,-21.96668564401483,1,0,-0.6432792795032715
car421,-33.819438979916846,-15.110076794091139,2,2.432722437155904,-1.9262899122123847,car225,-37.208079804700546,-21.96668564401483,1,0,-0.6432792795032715
car421,-33.88078049004335,-15.271647715687902,2,2.4993735554712866,-1.9409252537195656,car225,-37.208079804700546,-21.96668564401483,1,0,-0.6432792795032715
car421,-33.94664521652326,-15.437749492408036,2,2.5660183444912095,-1.955624298776149,car225,-37.208079804700546,-21.96668564401483,1,0,-0.6432792795032715
car421,-34.017211269097345,-15.608330292732504,2,2.632662777098876,-1.9703894914473923,car225,-37.208079804700546,-21.96668564401483,1,0,-0.6432792795032715
car421,-34.09266550059387,-15.783348495422336,2,2.6993208236936166,-1.9852272271491245,car225,-37.208079804700546,-21.96668564401483,1,0,-0.6432792795032715
car421,-34.173147577891285,-15.962646140806493,2,2.765968455004743,-2.0001373794957127,car225,-37.208079804700546,-21.96668564401483,1,0,-0.6432792795032715
car421,-34.25881585161388,-16.14610687739654,2,2.8326036393918015,-2.015126983693638,car225,-37.208079804700546,-21.96668564401483,1,0,-0.6432792795032715
car421,-34.34986971398924,-16.33369117944574,2,2.8992563414056916,-2.0302127299192887,car225,-37.208079804700546,-21.96668564401483,1,0,-0.6432792795032715
car421,-34.44642851582727,-16.52518373995678,2,2.965900527520659,-2.0454007076744243,car225,-37.208079804700546,-21.96668564401483,1,0,-0.6432792795032715
car421,-34.548658648800114,-16.720460288023748,2,3.0325481600072712,-2.06070818982371,car225,-37.208079804700546,-21.96668564401483,1,0,-0.6432792795032715
car421,-34.714717792592516,-17.02321096505137,2,3.1325177214127105,-2.0841730483752228,car225,-37.208079804700546,-21.96668564401483,1,0,-0.6432792795032715
car421,-34.83187966940358,-17.22725057320493,2,3.1992177914359887,-2.09986783669159,car225,-37.208079804700546,-21.96668564401483,1,0,-0.6432792795032715
car421,-34.955021756747854,-17.43407879386042,2,3.265831175114705,-2.115732213999948,car225,-37.208079804700546,-21.96668564401483,1,0,-0.6432792795032715
car421,-35.08447236060364,-17.643807570351623,2,3.332473814478026,-2.1318210053018767,car225,-37.208079804700546,-21.96668564401483,1,0,-0.6432792795032715
car421,-35.2202934325191,-17.856080531677968,2,3.3991196659721803,-2.14815813065737,car225,-37.208079804700546,-21.96668564401483,1,0,-0.6432792795032715
car421,-35.36250076929481,-18.070473270117315,2,3.465730685792198,-2.1647676009216763,car225,-37.208079804700546,-21.96668564401483,1,0,-0.6432792795032715
car421,-35.51136847143908,-18.28693675651008,2,3.5323908107829767,-2.181708421466518,car225,-37.208079804700546,-21.96668564401483,1,0,-0.6432792795032715
car421,-35.6668199713758,-18.504888695353156,2,3.5990299991398484,-2.199004474974324,car225,-37.208079804700546,-21.96668564401483,1,0,-0.6432792795032715
car421,-35.82896638977294,-18.724015024456577,2,3.665668193021464,-2.2167073271581015,car225,-37.208079804700546,-21.96668564401483,1,0,-0.6432792795032715
car421,-35.99789364668009,-18.943946994962815,2,3.732317333058269,-2.2348719446645227,car225,-37.208079804700546,-21.96668564401483,1,0,-0.6432792795032715
car421,-36.173526540325085,-19.164097321554795,2,3.798933369945999,-2.2535432229988293,car225,-37.208079804700546,-21.96668564401483,1,0,-0.6432792795032715
car421,-36.35604161065036,-19.3841832586896,2,3.865572230782427,-2.2728007567642425,car225,-37.208079804700546,-21.96668564401483,1,0,-0.6432792795032715